"ONTOLOGY","ID","Description","GeneRatio","BgRatio","RichFactor","FoldEnrichment","zScore","pvalue","p.adjust","qvalue","geneID","Count"
"MF","GO:0042608","T cell receptor binding","1/5","11/18737",0.0909090909090909,340.672727272727,18.4105124787398,0.00293223662772801,0.0211331247875064,0.0102671051599221,"EPS8L1",1
"MF","GO:0008301","DNA binding, bending","1/5","18/18737",0.0555555555555556,208.188888888889,14.3678821881343,0.00479462120279461,0.0211331247875064,0.0102671051599221,"FOXD1",1
"MF","GO:0030695","GTPase regulator activity","2/5","491/18737",0.00407331975560081,15.2643584521385,5.23287693243718,0.00650249993461734,0.0211331247875064,0.0102671051599221,"EPS8L1/ERRFI1",2
"MF","GO:0060589","nucleoside-triphosphatase regulator activity","2/5","491/18737",0.00407331975560081,15.2643584521385,5.23287693243718,0.00650249993461734,0.0211331247875064,0.0102671051599221,"EPS8L1/ERRFI1",2
"MF","GO:0003755","peptidyl-prolyl cis-trans isomerase activity","1/5","39/18737",0.0256410256410256,96.0871794871795,9.71153897947934,0.0103650835262394,0.0241774506940564,0.0117461298918493,"FKBP14",1
"MF","GO:0016859","cis-trans isomerase activity","1/5","42/18737",0.0238095238095238,89.2238095238095,9.35145274710011,0.0111588233972568,0.0241774506940564,0.0117461298918493,"FKBP14",1
